patient,bmi_mean,bmi_group,t_star_clean,time_to_event,event
A001,28.515625,Q1,,141.0,1
A002,33.962434124,Q4,,97.0,1
A003,31.2265625,Q2,,91.0,1
A004,28.7213587575,Q1,,77.0,1
A005,31.0777777775,Q2,,86.0,1
A006,36.12926652,Q4,,85.0,1
A007,34.099890847999994,Q4,,166.0,0
A008,30.1248699275,Q1,,91.0,1
A009,33.8888888875,Q4,,97.0,1
A010,35.30158730285714,Q4,,173.0,0
A011,36.9344413675,Q4,,144.0,1
A012,30.4890738825,Q2,,113.0,1
A013,35.75595619,Q4,,81.0,1
A014,35.627190975,Q4,,140.0,1
A015,31.233333335,Q2,,111.0,1
A016,30.644127545,Q2,,89.0,1
A017,28.46648301,Q1,,96.0,1
A018,28.1336565075,Q1,,93.0,1
A019,29.345703125,Q1,,86.0,1
A020,29.818653904999998,Q1,,86.0,1
A021,35.54333333,Q4,,95.0,1
A022,29.362033315,Q1,,77.0,1
A023,30.310313519999998,Q1,,91.0,1
A024,34.157215650000005,Q4,,112.0,1
A025,30.0275482125,Q1,,77.0,1
A026,27.983152880000002,Q1,,149.0,1
A027,30.4197017,Q2,81.48594954171826,94.0,1
A028,33.2779202025,Q3,,96.0,1
A029,34.39725959857143,Q4,,121.0,1
A030,30.9781477625,Q2,,97.0,1
A031,30.8832495075,Q2,,125.0,1
A032,32.631910649999995,Q3,,84.0,1
A033,37.110918742500004,Q4,,93.0,1
A034,30.8462766725,Q2,,86.0,1
A035,34.72222222,Q4,,146.0,1
A036,29.3512110725,Q1,,87.0,1
A037,28.7389465575,Q1,,90.0,1
A038,28.806764467500003,Q1,,93.0,1
A039,29.908172635,Q1,,93.0,1
A040,31.49474171,Q2,,94.0,1
A041,36.687611538750005,Q4,,96.0,1
A042,37.568712578,Q4,,185.0,1
A043,30.609121516666665,Q2,,90.0,1
A044,29.8483088975,Q1,,114.0,1
A045,30.580755502499997,Q2,,110.0,1
A046,28.566113945,Q1,78.09921100528834,86.0,1
A047,29.443359375,Q1,,92.0,1
A048,34.44804095,Q4,,93.0,1
A049,33.36394245333333,Q3,,92.0,1
A050,35.3385930325,Q4,,119.0,1
A051,39.485766755,Q4,,113.0,1
A052,42.818717615,Q4,93.75788369469402,86.0,1
A053,37.20238095,Q4,,168.0,1
A054,29.8828125,Q1,,92.0,1
A055,36.13233467857143,Q4,,86.0,1
A056,32.975838265,Q3,,114.0,1
A057,34.4496074325,Q4,,80.0,1
A058,32.462195925,Q3,84.2114754148111,90.0,1
A059,31.957043995,Q3,,91.0,1
A060,39.0482372525,Q4,,109.0,1
A061,36.0943000675,Q4,,94.0,1
A062,33.0078125,Q3,,97.0,1
A063,36.56191029,Q4,,112.0,1
A064,31.640625,Q2,,83.0,1
A065,32.1462906575,Q3,,89.0,1
A066,31.321540063333334,Q2,,93.0,1
A067,32.7471559025,Q3,,106.0,1
A068,30.42719786,Q2,,95.0,1
A069,34.3505859375,Q4,,86.0,1
A070,30.46875,Q2,,86.0,1
A071,34.9950896875,Q4,,95.0,1
A072,30.9343178225,Q2,,94.0,1
A073,34.13111342,Q4,,95.0,1
A074,46.875,Q4,,110.0,0
A075,27.91551883,Q1,,85.0,1
A076,35.419921875,Q4,88.95745314436746,84.0,1
A077,34.49388648,Q4,,116.0,0
A078,29.9453484525,Q1,,146.0,1
A079,32.49514091142857,Q3,,87.0,1
A080,32.04614645,Q3,,132.0,1
A081,32.8125,Q3,,98.0,1
A082,30.712484475,Q2,,77.0,1
A083,32.41883195333333,Q3,,161.0,0
A084,28.468113086,Q1,,84.0,1
A085,32.4061876625,Q3,,84.0,1
A086,31.81679622,Q3,,91.0,1
A087,30.0695270675,Q1,,111.0,1
A088,30.110278895,Q1,,91.0,1
A089,32.179591835,Q3,,78.0,1
A090,29.266758785,Q1,,95.0,1
A091,30.352102422857143,Q2,,77.0,1
A092,30.5741036425,Q2,,85.0,1
A093,30.927456382499997,Q2,,87.0,1
A094,29.8438934825,Q1,,90.0,1
A095,39.8020249175,Q4,,90.0,1
A096,27.769559502,Q1,,91.0,1
A097,36.8189349125,Q4,,115.0,1
A098,30.5640121775,Q2,,92.0,1
A099,42.001953125,Q4,,137.0,1
A100,30.4523651125,Q2,,82.0,1
A101,36.9086153025,Q4,,95.0,1
A102,37.0732808925,Q4,,115.0,1
A103,31.53344671,Q2,,96.0,1
A104,30.7877601725,Q2,,86.0,1
A105,32.63762972,Q3,,92.0,1
A106,32.08626595,Q3,,90.0,1
A107,33.10478427333334,Q3,,91.0,1
A108,29.8844518025,Q1,,89.0,1
A109,29.900913836,Q1,,183.0,1
A110,29.40759637,Q1,,117.0,1
A111,35.755006941666664,Q4,,90.0,1
A112,40.5709342575,Q4,,84.0,1
A113,32.919589435,Q3,,170.0,0
A114,30.334540504,Q2,,112.0,1
A115,35.0376025975,Q4,,87.0,1
A116,28.60476495,Q1,,97.0,1
A117,31.333508977500003,Q2,,86.0,1
A118,44.98269896,Q4,,154.0,1
A119,33.46222487,Q3,,97.0,1
A120,35.68535165,Q4,,80.0,1
A121,30.9445601675,Q2,,97.0,1
A122,37.1114059275,Q4,78.6771954223628,95.0,1
A123,30.42719786,Q2,,82.0,0
A124,30.442226079999998,Q2,82.27730798503318,142.0,1
A125,27.101577872500002,Q1,,87.0,1
A126,31.787109375,Q3,,115.0,1
A127,29.39646202,Q1,,86.0,1
A128,35.03295179,Q4,,92.0,1
A129,31.25,Q2,,86.0,1
A130,29.480968858,Q1,,112.0,1
A131,30.59748765666667,Q2,,150.0,1
A132,30.859375,Q2,,113.0,1
A133,28.26602431,Q1,,115.0,1
A134,33.251953125,Q3,,86.0,1
A135,29.56841139,Q1,,87.0,1
A136,32.747155905,Q3,,116.0,1
A137,30.7314698375,Q2,,96.0,1
A138,29.139883686666668,Q1,,90.0,1
A139,30.6640625,Q2,,85.0,1
A140,29.76124885,Q1,,85.0,1
A141,29.427083333333332,Q1,,97.0,1
A142,39.1184573,Q4,,114.0,1
A143,31.054717269999998,Q2,,83.0,1
A144,30.765778533333332,Q2,,144.0,1
A145,30.588235295,Q2,,92.0,1
A146,31.315104166666668,Q2,,89.0,1
A147,31.707606501999997,Q2,,81.0,1
A148,29.1418650775,Q1,,87.0,1
A149,32.007548262,Q3,,165.0,1
A150,31.17585848,Q2,,90.0,1
A151,29.4224443575,Q1,,89.0,1
A152,35.2610052275,Q4,,83.0,1
A153,34.3113083525,Q4,,85.0,1
A154,29.842973885,Q1,,83.0,1
A155,30.7362528325,Q2,,84.0,1
A156,28.98114344,Q1,,140.0,1
A157,34.08631772,Q4,,86.0,1
A158,36.7309458225,Q4,,86.0,1
A159,39.01384083,Q4,,119.0,1
A160,20.703125,Q1,,114.0,1
A161,36.36363636,Q4,,88.0,1
A162,31.496786045,Q2,,85.0,1
A163,35.395918366000004,Q4,,164.0,1
A164,30.85399449,Q2,,91.0,1
A165,33.333333333333336,Q3,,134.0,1
A166,33.39100346,Q3,,82.0,1
A167,28.349940512499998,Q1,,91.0,1
A168,30.70182186078615,Q2,,80.0,1
A169,31.637417488644775,Q2,,88.0,1
A170,29.879085985158774,Q1,,82.0,1
A171,32.805062923460824,Q3,,86.0,1
A172,33.330842555260304,Q3,,95.0,1
A173,33.373493957048176,Q3,,87.0,1
A174,29.711530155380025,Q1,,78.0,1
A175,32.033012940142754,Q3,,91.0,1
A176,30.095420613673276,Q1,,81.0,1
A177,32.22761533067208,Q3,,77.0,1
A178,34.4408356029844,Q4,,81.0,1
A179,30.779283356604275,Q2,,84.0,1
A180,33.6971973919581,Q3,,83.0,1
A181,30.559289563366125,Q2,,84.0,1
A182,31.220523156404024,Q2,,89.0,1
A183,33.013110920930174,Q3,,88.0,1
A184,30.8282503304982,Q2,,79.0,1
A185,28.965662900093676,Q1,,84.0,1
A186,34.6061223491483,Q4,,93.0,1
A187,32.6580650566962,Q3,,94.0,1
A188,31.042486095047526,Q2,,88.0,1
A189,28.22287134607395,Q1,,89.0,1
A190,35.812709865769776,Q4,,89.0,1
A191,38.75735012338922,Q4,,79.0,1
A192,32.78819553165665,Q3,,80.0,1
A193,33.82293962599595,Q3,,79.0,1
A194,34.270206672667896,Q4,,89.0,1
A195,30.5427335078147,Q2,,93.0,1
A196,31.36491956828325,Q2,,84.0,1
A197,28.5481844145503,Q1,,80.0,1
A198,30.81951861090335,Q2,,88.0,1
A199,33.4433467487109,Q3,,95.0,1
A200,31.66869083811925,Q2,,97.0,1
A201,31.816958349278927,Q3,,77.0,1
A202,31.823589749140602,Q3,,83.0,1
A203,28.53587956692455,Q1,,81.0,1
A204,33.8246107522913,Q3,,81.0,1
A205,29.238179951007673,Q1,,82.0,1
A206,31.742263589513502,Q2,,77.0,1
A207,30.98296171953625,Q2,,88.0,1
A208,31.862241538791974,Q3,,88.0,1
A209,34.99507837242727,Q4,,93.0,1
A210,30.979829844067176,Q2,,91.0,1
A211,30.608835851624526,Q2,,85.0,1
A212,29.0155575048283,Q1,,84.0,1
A213,30.6553293030762,Q2,,78.0,1
A214,29.919474728784124,Q1,,77.0,1
A215,32.94202115906528,Q3,,92.0,1
A216,30.1684934649618,Q1,,83.0,1
A217,32.752200133058025,Q3,,88.0,1
A218,34.81244901675007,Q4,,113.0,1
A219,29.256522298074223,Q1,,79.0,1
A220,30.42031289445065,Q2,,88.0,1
A221,34.0254513521401,Q4,,85.0,1
A222,33.77061873125362,Q3,,90.0,1
A223,36.0834814332741,Q4,,92.0,1
A224,32.2224964821991,Q3,,86.0,1
A225,29.078587105606374,Q1,,96.0,1
A226,30.428559774884974,Q2,,97.0,1
A227,32.9218985977976,Q3,,86.0,1
A228,35.747516228520496,Q4,,88.0,1
A229,32.40983215385928,Q3,,96.0,1
A230,34.263775112496525,Q4,,85.0,1
A231,33.49051024941435,Q3,,95.0,1
A232,29.89106411746565,Q1,,95.0,1
A233,32.019221293233954,Q3,,89.0,1
A234,34.849210911717705,Q4,,78.0,1
A235,33.846605631791604,Q3,,92.0,1
A236,33.037196938313855,Q3,,85.0,1
A237,32.746185758138374,Q3,,91.0,1
A238,31.081958996192874,Q2,,89.0,1
A239,29.536470206156,Q1,,94.0,1
A240,34.85225186323137,Q4,,96.0,1
A241,29.401225528828526,Q1,,78.0,1
A242,30.15820637238595,Q1,,93.0,1
A243,33.3902527333911,Q3,,82.0,1
A244,29.5132861597504,Q1,,89.0,1
A245,31.1513349447245,Q2,,88.0,1
A246,29.8600085763782,Q1,,93.0,1
A247,33.52756727955418,Q3,,87.0,1
A248,32.69345321727337,Q3,,86.0,1
A249,32.9887484423004,Q3,,93.0,1
A250,33.07905915660985,Q3,,92.0,1
A251,33.496813066891804,Q3,,83.0,1
A252,33.39160560602645,Q3,,94.0,1
A253,28.483341440525802,Q1,,91.0,1
A254,31.9591974172221,Q3,,93.0,1
A255,32.3647966184369,Q3,,88.0,1
A256,33.66749516149068,Q3,,94.0,1
A257,29.971909780788252,Q1,,81.0,1
A258,30.899979800357222,Q2,,82.0,1
A259,30.388439512279025,Q2,,96.0,1
A260,34.16401604452477,Q4,,85.0,1
A261,34.57002784022522,Q4,,88.0,1
A262,33.78019391876778,Q3,,86.0,1
A263,29.64373800767205,Q1,,88.0,1
A264,32.897313590694175,Q3,,82.0,1
A265,34.20605381414505,Q4,,82.0,1
A266,32.4592742064293,Q3,,96.0,1
A267,31.05220978441215,Q2,,81.0,1
